{
  "user": [
    {
      "id": 101,
      "email": "prateek@gmail.com",
      "password": "prateek1234",
      "name": "Prateek Garg",
      "phoneNo": "9897979799",
      "city": "Jhangirabad",
      "state": "Uttar Pradesh"
    },
    {
      "id": 102,
      "email": "sumitguptaskd@gmail.com",
      "password": "123456",
      "name": "Sumit Gupta",
      "phoneNo": "9897768985",
      "city": "Sikandrabad",
      "state": "Uttar Pradesh"
    },
    {
      "id": 103,
      "email": "pratham@gmail.com",
      "password": "pratham1234",
      "name": "Pratham Singh",
      "phoneNo": "9856741236",
      "city": "Greater Noida",
      "state": "Uttar Pradesh"
    },
    {
      "id": 104,
      "email": "jatin@gmail.com",
      "password": "jatin1234",
      "name": "Jatin Chaudhary",
      "phoneNo": "8439345867",
      "city": "Noida",
      "state": "Uttar Pradesh"
    }
  ]
}